model	overall_accuracy	overall_ci_low	overall_ci_high	parse_failure_rate	presence_yes_accuracy	presence_no_accuracy	object_presence_accuracy	object_count_accuracy	group_location_accuracy	dominant_object_class_accuracy
base	51.5358	49.445	53.7108	0.0	51.8395	91.3043	71.5719	17.9698	39.2318	68.1898
original_only	49.1778	47.2108	51.2184	0.0621	20.0669	99.3311	59.699	22.2222	38.2716	75.5712
ir_aware_only	50.0155	48.0237	52.0755	0.0	40.1338	97.8261	68.9799	17.5583	35.3909	70.4745
task_conditioned_mixed	50.0776	48.0263	52.191	0.0	39.7993	97.3244	68.5619	18.6557	38.4088	66.4323
h2rsvlm	47.0369	45.2121	48.8996	0.0931	21.2375	99.8328	60.5351	18.93	37.7229	66.6081
llava15	47.4713	45.8034	49.0644	0.0	58.0268	91.6388	74.8328	19.0672	20.3018	61.1599
llava16	48.0608	46.1221	50.2207	0.0	54.5151	90.4682	72.4916	20.7133	40.192	41.8278
geochat	40.4902	38.6508	42.3446	0.0	81.6054	36.1204	58.8629	17.6955	37.5857	34.7979
instructblip	46.5095	44.6897	48.4004	0.3413	42.1405	96.4883	69.3144	21.9479	37.5857	41.4763
