model,caption_ir_cue,caption_physical,caption_color,caption_words,cue_delta,length_delta,vqa_words,vqa_short,object_yes_no
base,0.9539078156312625,0.21042084168336672,0.0070140280561122245,28.4699,-0.08416833667334667,0.27449999999999974,15.9363,0.08078273958855996,0.20481927710843373
original_only,0.06012024048096192,0.001002004008016032,0.1813627254509018,23.6663,0.012024048096192383,1.0120000000000005,12.7546,0.04616156547917712,0.0
ir_aware_only,0.9949899799599199,0.0,0.0,30.9359,0.01002004008016033,0.7454999999999998,22.4606,0.0,0.0
task_conditioned_mixed,0.5220440881763527,0.001002004008016032,0.10320641282565131,27.4038,0.9559118236472945,8.711399999999998,11.8741,0.03562468640240843,0.02610441767068273
h2rsvlm,0.1713426853707415,0.001002004008016032,0.012024048096192385,16.8026,-0.026052104208416832,-0.7876000000000012,8.4732,0.1445057701956849,0.030120481927710843
llava15,0.42384769539078154,0.0,0.04008016032064128,15.4709,-0.7354709418837675,-2.709500000000002,1.5675,0.9453085800301053,0.9417670682730924
llava16,0.8006012024048096,0.03707414829659319,0.006012024048096192,21.985,0.3346693386773547,8.150299999999998,2.0326,0.8986452584044154,0.9417670682730924
geochat,0.5250501002004008,0.0,0.001002004008016032,22.8898,-0.6613226452905812,-11.066099999999999,4.6648,0.6838936276969393,0.9357429718875502
instructblip,0.5110220440881763,0.023046092184368736,0.04008016032064128,68.8477,-0.02004008016032066,-7.498999999999995,1.1831,1.0,0.9417670682730924
